preset_name	preset_weights
GRAD_V	1,0.9166666667,0.8333333333,0.75,0.6666666667,0.5833333333,0.5,0.4166666667,0.3333333333,0.25,0.1666666667,0.0833333333,0,0.0833333333,0.1666666667,0.25,0.3333333333,0.4166666667,0.5,0.5833333333,0.6666666667,0.75,0.8333333333,0.9166666667,1.0
GRAD_A	0,0.0833333333,0.1666666667,0.25,0.3333333333,0.4166666667,0.5,0.5833333333,0.6666666667,0.75,0.8333333333,0.9166666667,1.0,0.9166666667,0.8333333333,0.75,0.6666666667,0.5833333333,0.5,0.4166666667,0.3333333333,0.25,0.1666666667,0.0833333333,0
FLAT_25	0.25,0.25,0.25,0.25,0.25,0.25,0.25,0.25,0.25,0.25,0.25,0.25,0.25,0.25,0.25,0.25,0.25,0.25,0.25,0.25,0.25,0.25,0.25,0.25,0.25
FLAT_75	0.75,0.75,0.75,0.75,0.75,0.75,0.75,0.75,0.75,0.75,0.75,0.75,0.75,0.75,0.75,0.75,0.75,0.75,0.75,0.75,0.75,0.75,0.75,0.75,0.75
WRAP08	1,1,1,1,0,0,0,0,0,0,0,0,0,0,0,0,0,0,0,0,0,1,1,1,1
WRAP12	1,1,1,1,1,1,0,0,0,0,0,0,0,0,0,0,0,0,0,1,1,1,1,1,1
WRAP14	1,1,1,1,1,1,1,0,0,0,0,0,0,0,0,0,0,0,1,1,1,1,1,1,1
WRAP16	1,1,1,1,1,1,1,1,0,0,0,0,0,0,0,0,0,1,1,1,1,1,1,1,1
MID12_50	0,0,0,0,0,0.5,0.5,0.5,0.5,0.5,0.5,0.5,0.5,0.5,0.5,0.5,0.5,0.5,0.5,0,0,0,0,0,0
OUT07	0,0,0,0,0,0,0,0,0,0,0,0,0,0,0,0,0,0,1,1,1,1,1,1,1
OUT12	0,0,0,0,0,0,0,0,0,0,0,0,0,1,1,1,1,1,1,1,1,1,1,1,1
OUT12_5	0,0,0,0,0,0,0,0,0,0,0,0,0.5,1,1,1,1,1,1,1,1,1,1,1,1
RING08_SOFT	0,0,0,0,0,0.5,1,1,1,0.5,0,0,0,0,0,0.5,1,1,1,0.5,0,0,0,0,0
RING08_5	0,0,0,0,0,0,1,1,1,1,0,0,0,0,0,1,1,1,1,0,0,0,0,0,0
RING10_5	0,0,0,0,0,1,1,1,1,1,0,0,0,0,0,1,1,1,1,1,0,0,0,0,0
RING10_3	0,0,0,0,0,0,1,1,1,1,1,0,0,0,1,1,1,1,1,0,0,0,0,0,0
RING10_3	0,0,0,0,0,0,1,1,1,1,1,0,0,0,1,1,1,1,1,0,0,0,0,0,0